{
    "per_class_metrics": {
        "0Normal": {
            "precision": 0.7111111283302307,
            "recall": 0.3137255012989044,
            "f1": 0.4353741407394409,
            "support": 102
        },
        "1Doubtful": {
            "precision": 0.41428571939468384,
            "recall": 0.5799999833106995,
            "f1": 0.4833333194255829,
            "support": 100
        },
        "2Mild": {
            "precision": 0.3333333432674408,
            "recall": 0.4651162922382355,
            "f1": 0.3883495032787323,
            "support": 43
        },
        "3Moderate": {
            "precision": 0.38333332538604736,
            "recall": 0.5897436141967773,
            "f1": 0.46464645862579346,
            "support": 39
        },
        "4Severe": {
            "precision": 0.8399999737739563,
            "recall": 0.45652174949645996,
            "f1": 0.591549277305603,
            "support": 46
        }
    },
    "confusion_matrix": [
        [
            32,
            63,
            6,
            1,
            0
        ],
        [
            11,
            58,
            24,
            7,
            0
        ],
        [
            1,
            10,
            20,
            11,
            1
        ],
        [
            0,
            5,
            8,
            23,
            3
        ],
        [
            1,
            4,
            2,
            18,
            21
        ]
    ],
    "normalized_confusion_matrix": [
        [
            0.3137254901960784,
            0.6176470588235294,
            0.058823529411764705,
            0.00980392156862745,
            0.0
        ],
        [
            0.11,
            0.58,
            0.24,
            0.07,
            0.0
        ],
        [
            0.023255813953488372,
            0.23255813953488372,
            0.46511627906976744,
            0.2558139534883721,
            0.023255813953488372
        ],
        [
            0.0,
            0.1282051282051282,
            0.20512820512820512,
            0.5897435897435898,
            0.07692307692307693
        ],
        [
            0.021739130434782608,
            0.08695652173913043,
            0.043478260869565216,
            0.391304347826087,
            0.45652173913043476
        ]
    ],
    "cohen_kappa": 0.7263131440060318,
    "mae": 0.6393939393939394,
    "clinical_priorities": {
        "severe_recall": 0.45652174949645996,
        "normal_precision": 0.7111111283302307,
        "moderate_metrics": {
            "recall": 0.5897436141967773,
            "precision": 0.38333332538604736
        }
    },
    "clinical_utility_score": 0.5522240936756134
}